{
  "properties": {
    "connectionReferences": {
      "shared_commondataserviceforapps": {
        "impersonation": {},
        "runtimeSource": "embedded",
        "connection": {
          "connectionReferenceLogicalName": "new_sharedcommondataserviceforapps_38da9"
        },
        "api": {
          "name": "shared_commondataserviceforapps"
        }
      }
    },
    "definition": {
      "$schema": "https://schema.management.azure.com/providers/Microsoft.Logic/schemas/2016-06-01/workflowdefinition.json#",
      "contentVersion": "1.0.0.0",
      "parameters": {
        "$connections": {
          "defaultValue": {},
          "type": "Object"
        },
        "$authentication": {
          "defaultValue": {},
          "type": "SecureObject"
        }
      },
      "triggers": {
        "When_a_row_is_added,_modified_or_deleted": {
          "metadata": {
            "operationMetadataId": "06f791d8-1ecc-4f43-bda4-ba8f6d451844"
          },
          "type": "OpenApiConnectionWebhook",
          "inputs": {
            "host": {
              "apiId": "/providers/Microsoft.PowerApps/apis/shared_commondataserviceforapps",
              "connectionName": "shared_commondataserviceforapps",
              "operationId": "SubscribeWebhookTrigger"
            },
            "parameters": {
              "subscriptionRequest/message": 1,
              "subscriptionRequest/entityname": "new_complaint",
              "subscriptionRequest/scope": 1
            },
            "authentication": "@parameters('$authentication')"
          }
        }
      },
      "actions": {
        "HTTP": {
          "runAfter": {
            "Initialize_variable_3": [
              "Succeeded"
            ]
          },
          "metadata": {
            "operationMetadataId": "e47e300e-0801-440c-a6ec-8bc7e755a3a2"
          },
          "type": "Http",
          "inputs": {
            "method": "GET",
            "uri": "https://api.ipgeolocation.io/ipgeo?apiKey=7250df7e356a497484a85a7e7abdf45d"
          },
          "runtimeConfiguration": {
            "contentTransfer": {
              "transferMode": "Chunked"
            }
          }
        },
        "Set_variable": {
          "runAfter": {
            "HTTP": [
              "Succeeded"
            ]
          },
          "metadata": {
            "operationMetadataId": "a1a273e8-91ed-44f6-9a20-11a59bf8b3ea"
          },
          "type": "SetVariable",
          "inputs": {
            "name": "IP Address",
            "value": "@{Body('HTTP')['ip']}"
          }
        },
        "Update_a_row": {
          "runAfter": {
            "Set_variable_3": [
              "Succeeded"
            ]
          },
          "metadata": {
            "operationMetadataId": "f5928d90-2682-415c-a601-73ef02509f2c"
          },
          "type": "OpenApiConnection",
          "inputs": {
            "host": {
              "apiId": "/providers/Microsoft.PowerApps/apis/shared_commondataserviceforapps",
              "connectionName": "shared_commondataserviceforapps",
              "operationId": "UpdateRecord"
            },
            "parameters": {
              "entityName": "new_complaints",
              "recordId": "@triggerOutputs()?['body/new_complaintid']",
              "item/new_ipaddress": "@variables('IP Address')",
              "item/new_latitude": "@variables('Latitude')",
              "item/new_longitude": "@variables('Longitude')"
            },
            "authentication": "@parameters('$authentication')"
          }
        },
        "Initialize_variable_2": {
          "runAfter": {
            "Initialize_variable": [
              "Succeeded"
            ]
          },
          "metadata": {
            "operationMetadataId": "786736a2-9487-4458-8c7b-a8ea2b53ee87"
          },
          "type": "InitializeVariable",
          "inputs": {
            "variables": [
              {
                "name": "Latitude",
                "type": "string"
              }
            ]
          }
        },
        "Initialize_variable": {
          "runAfter": {},
          "metadata": {
            "operationMetadataId": "dd325934-ed5f-43d4-98c2-ab0587f55f49"
          },
          "type": "InitializeVariable",
          "inputs": {
            "variables": [
              {
                "name": "IP Address",
                "type": "string"
              }
            ]
          }
        },
        "Initialize_variable_3": {
          "runAfter": {
            "Initialize_variable_2": [
              "Succeeded"
            ]
          },
          "metadata": {
            "operationMetadataId": "59afc5a5-87f0-43f6-a1a1-9d1b361c42ad"
          },
          "type": "InitializeVariable",
          "inputs": {
            "variables": [
              {
                "name": "Longitude",
                "type": "string"
              }
            ]
          }
        },
        "Set_variable_2": {
          "runAfter": {
            "Set_variable": [
              "Succeeded"
            ]
          },
          "metadata": {
            "operationMetadataId": "95ed308b-576c-4e0a-8f04-91bb5b361e65"
          },
          "type": "SetVariable",
          "inputs": {
            "name": "Longitude",
            "value": "@Body('HTTP')['longitude']"
          }
        },
        "Set_variable_3": {
          "runAfter": {
            "Set_variable_2": [
              "Succeeded"
            ]
          },
          "metadata": {
            "operationMetadataId": "3a03573d-dbf9-43d8-9d0d-19ef6e732bde"
          },
          "type": "SetVariable",
          "inputs": {
            "name": "Latitude",
            "value": "@Body('HTTP')['latitude']"
          }
        }
      },
      "outputs": {}
    },
    "templateName": null
  },
  "schemaVersion": "1.0.0.0"
}